_id,email,password,name,contactNo,ageGroup,createdAt,modifiedAt,isAdmin,description
6529727e0fc05396e605d036,adm1@gmail.com,adm1,is8dh,3840109,over 65,2023-10-13T16:38:22.870Z,2023-10-13T16:38:22.870Z,true,
652ac10965d87c26022ea301,123@gmail.com,123,12341,12341,29-39,2023-10-14T16:25:45.723Z,2023-12-27T14:17:36.217Z,false,123 _ 1231
652cee8d993cda5d03a8692f,Oct16@gmail.com,18238y8d,oct,123980123,29-39,2023-10-16T08:04:29.146Z,2023-10-16T08:04:29.146Z,false,
654dd772c2b1b2396d0501f5,Nov9@gmail.com,Nov9,Nov9,980192839,18-28,2023-11-10T07:10:42.161Z,2023-11-10T07:10:42.161Z,false,
65524200b43ee9b8b6673699,Nov13@gmail.com,123123,Nov13,19283912,40-65,2023-11-13T15:34:24.972Z,2023-11-13T15:34:24.972Z,false,DESC
65524373b43ee9b8b667369a,new@new.com,1892iohqdihioqfeff,Nov13-2,8u1273981222,18-28,2023-11-13T15:40:35.872Z,2023-11-14T15:14:38.575Z,false,DESC ..
65538efe532a13608032fd72,Nov14@gmail.com,asd2341,w32x,123123,over 65,2023-11-14T15:15:10.653Z,2023-11-14T15:15:10.653Z,false,123243
655628cdca13a48dcf6db372,Nov16@ssdfads.com,ajsdilji,908234kl,1231234235,over 65,2023-11-16T14:35:57.819Z,2023-11-16T14:35:57.820Z,false,123123sd
655dac0784593e6686c4f568,vol2@gmail.com,vol2,vol2,123135,18-28,2023-11-22T07:21:43.083Z,2023-11-23T06:07:48.304Z,false,VOL2 - Update
655dac3884593e6686c4f569,vol3@gmail.com,vol3,vol3,128789,29-39,2023-11-22T07:22:32.435Z,2023-11-22T07:22:32.435Z,false,vol3
652972040fc05396e605d035,vol1@gmail.com,vol1,vol1,123123,below 18,2023-10-13T16:36:20.325Z,2023-12-03T16:06:38.232Z,false,NEW DESC. VOL! edit
656ca5eac1f3d49f7aed6941,vol5@gmail.com,vol5,vol5,1231874,below 18,2023-12-03T15:59:38.681Z,2023-12-03T16:00:49.932Z,false,vol5 Edit
656cb18fc1f3d49f7aed6942,vol6@gmail.com,vol6,vol6,1231095,40-65,2023-12-03T16:49:19.772Z,2023-12-03T16:51:01.988Z,false,vol6 !!
